Accuracy,Precision,Recall,F1 score
0.5621894045944679,0.6092508357538226,0.49051358983409815,0.5434724157317103
